Blot_ID,Genotype,Bio_Rep,Tech_Rep,Target_Intensity,Loading_Control_Intensity
B01,WT,1,1,10842,42010
B01,WT,1,2,10310,41520
B01,WT,1,3,11085,42604
B02,WT,2,1,9412,38820
B02,WT,2,2,9760,39415
B02,WT,2,3,9128,38004
B03,WT,3,1,12240,44900
B03,WT,3,2,11985,44206
B03,WT,3,3,12602,45711
B04,WT,4,1,10517,41300
B04,WT,4,2,10902,42120
B04,WT,4,3,10318,40988
B05,KO,1,1,4520,40870
B05,KO,1,2,4708,41205
B05,KO,1,3,4342,40412
B06,KO,2,1,5210,43022
B06,KO,2,2,5015,42600
B06,KO,2,3,5388,43485
B07,KO,3,1,3902,39215
B07,KO,3,2,4108,39730
B07,KO,3,3,3814,38920
B08,KO,4,1,4770,41870
B08,KO,4,2,4602,41310
B08,KO,4,3,4915,42302
B09,HET,1,1,7802,41205
B09,HET,1,2,7612,40810
B09,HET,1,3,8004,41608
B10,HET,2,1,7208,40105
B10,HET,2,2,7402,40620
B10,HET,2,3,7015,39718
B11,HET,3,1,8610,43022
B11,HET,3,2,8815,43502
B11,HET,3,3,8408,42610
B12,HET,4,1,7508,40905
B12,HET,4,2,7702,41320
B12,HET,4,3,7315,40410
B13,RESCUE,1,1,10108,41520
B13,RESCUE,1,2,9905,41108
B13,RESCUE,1,3,10312,41920
B14,RESCUE,2,1,11210,44025
B14,RESCUE,2,2,10982,43510
B14,RESCUE,2,3,11488,44608
B15,RESCUE,3,1,9720,40802
B15,RESCUE,3,2,9915,41210
B15,RESCUE,3,3,9518,40402
B16,RESCUE,4,1,10508,42610
B16,RESCUE,4,2,10310,42210
B16,RESCUE,4,3,10715,43015
